﻿,image_urls
0,https://rukminim1.flixcart.com/image/309/371/k70spzk0/trouser/e/r/p/30-hltr003917-highlander-original-imafpchqzbuvcgay.jpeg?q=50
1,https://rukminim1.flixcart.com/image/309/371/k6nxrbk0/trouser/y/u/f/28-kctr-5555-crm-fubar-original-imafp2j6pdqymytg.jpeg?q=50
2,https://rukminim1.flixcart.com/image/309/371/kb2jmvk0/trouser/g/u/k/44-t353-trouser-baleno-sgrey-aa36-ad-av-original-imafsgerqwzmehgs.jpeg?q=50
3,https://rukminim1.flixcart.com/image/309/371/jst930w0/trouser/p/6/a/34-astfgsrp371065-allen-solly-original-imafeaw5fuv25b9h.jpeg?q=50
4,https://rukminim1.flixcart.com/image/309/371/k7f34i80/trouser/k/t/5/28-vrocp-gy-vrojass-original-imafpz4grpxubdwa.jpeg?q=50
5,https://rukminim1.flixcart.com/image/309/371/k70spzk0/trouser/a/n/t/30-hltr004082-highlander-original-imafpchr9cvjh4ta.jpeg?q=50
6,https://rukminim1.flixcart.com/image/309/371/k0plpjk0/trouser/e/t/y/xxl-c-pants-black-q-rious-original-imafkg6gg8tpnbrp.jpeg?q=50
7,https://rukminim1.flixcart.com/image/309/371/kapoo7k0/trouser/q/t/x/28-pf-208-gry-purple-feather-original-imafs82zptevcnhu.jpeg?q=50
8,https://rukminim1.flixcart.com/image/309/371/k70spzk0/trouser/c/5/b/30-hltr003910-highlander-original-imafpchtkag5jjvx.jpeg?q=50
9,https://rukminim1.flixcart.com/image/309/371/jz1l7rk0/trouser/j/u/s/30-astfwcrfo87872-allen-solly-original-imafj5keas9kbqu7.jpeg?q=50
10,https://rukminim1.flixcart.com/image/309/371/k70spzk0/trouser/g/y/4/30-hltr003847-highlander-original-imafpchty4y6pndz.jpeg?q=50
11,https://rukminim1.flixcart.com/image/309/371/k612pow0/trouser/p/8/v/xxl-ak520-aawari-original-imafjd7nhbyhhpze.jpeg?q=50
12,https://rukminim1.flixcart.com/image/309/371/k70spzk0/trouser/x/z/6/30-hltr003912-highlander-original-imafpchtyjzcyfcy.jpeg?q=50
13,https://rukminim1.flixcart.com/image/309/371/k20r8nk0/trouser/h/b/v/32-fmtro022-flying-machine-original-imafhcw59epdp7df.jpeg?q=50
14,https://rukminim1.flixcart.com/image/309/371/jxqfonk0/trouser/3/t/q/38-bmw-cotton-trs-ben-martin-original-imafg4vhtcgztehc.jpeg?q=50
15,https://rukminim1.flixcart.com/image/309/371/k80iqa80/trouser/8/e/r/32-cl-wm-l0729-addyvero-original-imafq4j9byegfugj.jpeg?q=50
16,https://rukminim1.flixcart.com/image/309/371/k7f34i80/trouser/b/w/u/36-vrocp-mg-vrojass-original-imafpz4ghzrrkcyg.jpeg?q=50
17,https://rukminim1.flixcart.com/image/309/371/jxf05u80/trouser/k/6/z/32-combo-trouser-gd-black-and-grey-aa-ad-av-original-imafhus9jaspawxf.jpeg?q=50
18,https://rukminim1.flixcart.com/image/309/371/kazor680/trouser/n/q/6/32-packof2-baleno-cream-sgrey-aa-ad-av-original-imafsfw24bjgjgj4.jpeg?q=50
19,https://rukminim1.flixcart.com/image/309/371/jsc3ssw0/trouser/3/m/n/32-astfwcrhh06029-allen-solly-original-imafdwqah99sz9nj.jpeg?q=50
20,https://rukminim1.flixcart.com/image/309/371/k70spzk0/trouser/9/2/q/30-hltr003863-highlander-original-imafpchtbd7yzysx.jpeg?q=50
21,https://rukminim1.flixcart.com/image/309/371/k70spzk0/trouser/y/h/f/30-hltr004034-highlander-original-imafpchrazyfevm5.jpeg?q=50
22,https://rukminim1.flixcart.com/image/309/371/jrz8u4w0/trouser/c/r/y/38-bmw-cotton-trs-ben-martin-original-imafdnrpbaxpp6ya.jpeg?q=50
23,https://rukminim1.flixcart.com/image/309/371/jst930w0/trouser/z/g/h/42-astfgsrpf14959-allen-solly-original-imafeas4pvvn9znf.jpeg?q=50
24,https://rukminim1.flixcart.com/image/309/371/k73nlow0/trouser/b/e/c/30-t332-tr-cotton-skyblue-aa-ad-av-original-imafpf9tygyqybxn.jpeg?q=50
25,https://rukminim1.flixcart.com/image/309/371/k612pow0/trouser/g/f/g/30-petfmnspi98524-peter-england-original-imafzkqkc63zue9g.jpeg?q=50
26,https://rukminim1.flixcart.com/image/309/371/k70spzk0/trouser/b/w/d/30-hltr004080-highlander-original-imafpchrysetnh7u.jpeg?q=50
27,https://rukminim1.flixcart.com/image/309/371/jxnksy80/trouser/u/d/w/38-combo-trouser-baleno-black-and-cream-bb-ad-av-original-imafgy9h8wabdg6j.jpeg?q=50
28,https://rukminim1.flixcart.com/image/309/371/jskofww0/trouser/c/h/5/s-jap-ml-jaipur-attire-original-imafe46zazexv8y9.jpeg?q=50
29,https://rukminim1.flixcart.com/image/309/371/k687wy80/trouser/m/y/g/28-ahtfmrgpc16668-allen-solly-original-imafzq2ghwpdpnfk.jpeg?q=50
30,https://rukminim1.flixcart.com/image/309/371/k70spzk0/trouser/p/e/b/30-hltr003916-highlander-original-imafpchqztfuydfq.jpeg?q=50
31,https://rukminim1.flixcart.com/image/309/371/k70spzk0/trouser/j/g/r/30-hltr003780-highlander-original-imafpchtherhbwhx.jpeg?q=50
32,https://rukminim1.flixcart.com/image/309/371/k70spzk0/trouser/w/a/h/30-hltr003966-highlander-original-imafpchqendfwsse.jpeg?q=50
33,https://rukminim1.flixcart.com/image/309/371/jtd98y80/trouser/k/x/e/34-astfwcffr85147-allen-solly-original-imafeqanacw3ythr.jpeg?q=50
34,https://rukminim1.flixcart.com/image/309/371/trouser/r/6/a/40-blackbelano-aa-ad-av-original-imaeqbhmgqwphbqb.jpeg?q=50
35,https://rukminim1.flixcart.com/image/309/371/k5cs87k0/trouser/f/9/s/38-petfmnspl48235-peter-england-original-imafz26mvmfww2hh.jpeg?q=50
36,https://rukminim1.flixcart.com/image/309/371/k70spzk0/trouser/a/2/g/30-hltr003909-highlander-original-imafpchtbrkknm56.jpeg?q=50
37,https://rukminim1.flixcart.com/image/309/371/k09vv680/trouser/b/d/y/32-putfusspd45336-peter-england-university-original-imafk3ugvkhhp46s.jpeg?q=50
38,https://rukminim1.flixcart.com/image/309/371/k70spzk0/trouser/t/k/j/30-hltr003944-highlander-original-imafpchuh2htysg6.jpeg?q=50
39,https://rukminim1.flixcart.com/image/309/371/jynat8w0/trouser/r/4/d/40-astfwsrf009449-allen-solly-original-imafgqw5cncdznnc.jpeg?q=50
