﻿,image_urls
0,https://rukminim1.flixcart.com/image/309/371/k70spzk0/jean/g/b/b/30-hljn000667-highlander-original-imafpchy5ajwjd7n.jpeg?q=50
1,https://rukminim1.flixcart.com/image/309/371/k687wy80/jean/z/e/z/32-36087-0268-levi-s-original-imafzqfpykzc8aaf.jpeg?q=50
2,https://rukminim1.flixcart.com/image/309/371/jw2f6vk0/jean/u/c/y/34-mft-22347-h-76-black-stone-mufti-original-imafgtzwygaryemz.jpeg?q=50
3,https://rukminim1.flixcart.com/image/309/371/k0flmkw0/jean/y/h/j/32-l36144248smu-lee-original-imafk75yhbtkervz.jpeg?q=50
4,https://rukminim1.flixcart.com/image/309/371/jsuoivk0/jean/3/z/b/32-4jk-cjog-ridge-vogue-original-imafe8qzwpsghybv.jpeg?q=50
5,https://rukminim1.flixcart.com/image/309/371/j7rxpjk0/jean/g/h/p/30-eps-grey-urbano-fashion-original-imaexsz3tufyntgg.jpeg?q=50
6,https://rukminim1.flixcart.com/image/309/371/k0y6cnk0/jean/z/a/5/32-maw19jn157-metronaut-original-imafkhxxzvygs34z.jpeg?q=50
7,https://rukminim1.flixcart.com/image/309/371/k0zlsi80/jean/t/x/k/32-maw19jn134-metronaut-original-imafkmgssczgpjjz.jpeg?q=50
8,https://rukminim1.flixcart.com/image/309/371/k7xnukw0/jean/p/t/p/32-kjb-1243-dnft-indg-killer-original-imafq2fymgfqcnh2.jpeg?q=50
9,https://rukminim1.flixcart.com/image/309/371/k1s6ljk0/jean/c/p/t/32-l36192248smu-lee-original-imafh9cpzntzs4sz.jpeg?q=50
10,https://rukminim1.flixcart.com/image/309/371/jhgl5e80/jean/z/8/u/36-lj116-lzard-original-imaf5agyk7fhatc5.jpeg?q=50
11,https://rukminim1.flixcart.com/image/309/371/jzsqky80/jean/3/h/v/28-d-jen-w-lbl-7-masterly-weft-original-imafjpwpvxgrkszv.jpeg?q=50
12,https://rukminim1.flixcart.com/image/309/371/k4ss2a80/jean/e/w/d/32-w38507w22smu-wrangler-original-imafngzg3d6pbxsc.jpeg?q=50
13,https://rukminim1.flixcart.com/image/309/371/jxw5g280/jean/y/v/f/32-w36996w22smu-wrangler-original-imafg92xdpyhh8j6.jpeg?q=50
14,https://rukminim1.flixcart.com/image/309/371/k0e66q80/jean/w/n/p/32-kmjnra104-baddon-numero-uno-original-imafk6x2ftmrgtk2.jpeg?q=50
15,https://rukminim1.flixcart.com/image/309/371/jy90eq80/jean/d/u/z/38-hpsjogger-wgrey-urbano-fashion-original-imafggj23hmb4j4s.jpeg?q=50
16,https://rukminim1.flixcart.com/image/309/371/j9eirgw0/jean/z/c/h/34-mj-dcut-02a-xee-original-imaez7ffge6rvy9e.jpeg?q=50
17,https://rukminim1.flixcart.com/image/309/371/k6l2vm80/jean/c/q/s/32-kjb-1187-dnft-khk-killer-original-imafngv6jz9sw2wf.jpeg?q=50
18,https://rukminim1.flixcart.com/image/309/371/jactbww0/jean/r/j/6/36-mjr-kc-02-editlook-original-imaez7ffths6ggpx.jpeg?q=50
19,https://rukminim1.flixcart.com/image/309/371/jynat8w0/jean/z/p/f/32-w34946w22smu-wrangler-original-imafgerzkce8xg7c.jpeg?q=50
20,https://rukminim1.flixcart.com/image/309/371/jhuvjww0/jean/a/p/c/36-denimrelax-d-tribewear-original-imaf5redpehgvfqm.jpeg?q=50
21,https://rukminim1.flixcart.com/image/309/371/k34rki80/jean/y/t/z/32-kmjnrl222-livingston-numero-uno-original-imafmaty5dzmtcfx.jpeg?q=50
22,https://rukminim1.flixcart.com/image/309/371/jmawvbk0/jean/t/h/k/30-jk-jog02-ridge-vogue-original-imaf98nrgfjfqbfp.jpeg?q=50
23,https://rukminim1.flixcart.com/image/309/371/k0flmkw0/jean/c/5/a/32-l36170248smu-lee-original-imafk74z7nwpvxat.jpeg?q=50
24,https://rukminim1.flixcart.com/image/309/371/k0zlsi80/jean/v/e/f/32-pm204291z462-pepe-jeans-original-imafkndd7hud3hxc.jpeg?q=50
25,https://rukminim1.flixcart.com/image/309/371/jzhb24w0/jean/s/w/5/32-maw19jn063-metronaut-original-imafjhp3rargukja.jpeg?q=50
26,https://rukminim1.flixcart.com/image/309/371/k1118cw0/jean/b/c/c/32-kjb-1201-dnft-bl-killer-original-imafkzvtf2xuwkmp.jpeg?q=50
27,https://rukminim1.flixcart.com/image/309/371/ji3g70w0/jean/8/k/z/32-65504-0356-levi-s-original-imaf5r9hyydgcfdt.jpeg?q=50
28,https://rukminim1.flixcart.com/image/309/371/j1nvwcw0/jean/x/m/h/28-bmw-bm-3-dblue-ben-martin-original-imaet5pfwkbtzbju.jpeg?q=50
29,https://rukminim1.flixcart.com/image/309/371/k20r8nk0/jean/d/8/w/32-l36129248smu-lee-original-imafhc9gdgz4k734.jpeg?q=50
30,https://rukminim1.flixcart.com/image/309/371/kbb49zk0/jean/f/z/a/38-bmw-darklevis-d-ben-martin-original-imafszrt2eye6n7b.jpeg?q=50
31,https://rukminim1.flixcart.com/image/309/371/jsge4cw0/jean/h/w/e/40-hpsjogger-black-urbano-fashion-original-imafey94hfth8259.jpeg?q=50
32,https://rukminim1.flixcart.com/image/309/371/jucz98w0/jean/g/n/t/32-mss19jn125-metronaut-original-imaffgf6hdwswgbu.jpeg?q=50
33,https://rukminim1.flixcart.com/image/309/371/k20r8nk0/jean/m/s/c/32-l36130248smu-lee-original-imafhc9ghbwnbfau.jpeg?q=50
34,https://rukminim1.flixcart.com/image/309/371/k251k7k0/jean/a/x/h/32-l36199248smu-lee-original-imafhjf7cxjrghfw.jpeg?q=50
35,https://rukminim1.flixcart.com/image/309/371/jyeq64w0/jean/e/h/a/38-bepldrjo1darkblue-dais-original-imafgnggr6hnkgjf.jpeg?q=50
36,https://rukminim1.flixcart.com/image/309/371/k34rki80/jean/8/h/e/32-kmjnrl247-mcgee-numero-uno-original-imafmatf37ahcfj2.jpeg?q=50
37,https://rukminim1.flixcart.com/image/309/371/jhtg4280/jean/d/d/m/28-denimrelax-3-tribewear-original-imaf5rdsnvy5ruyr.jpeg?q=50
38,https://rukminim1.flixcart.com/image/309/371/jrs3mvk0/jean/3/m/h/32-mss19ajn003-metronaut-original-imafdg5dvvtj7wfw.jpeg?q=50
39,https://rukminim1.flixcart.com/image/309/371/k251k7k0/jean/s/a/b/32-l36200248smu-lee-original-imafhjfcgwgsdzxv.jpeg?q=50
